,年份,院校,专业组,投档线总分,本段人数,累计人数
0,2020,北京大学,物理(必须选考),690,31,262
1,2020,清华大学,物理(必须选考),687,45,369
2,2020,清华大学,物理+化学(均须选考),687,45,369
3,2020,北京大学,不限选考科目,684,29,448
4,2020,北京大学,物理/化学(选考一门即可),683,30,478
5,2020,中国科学院大学,物理/化学/生物(选考一门即可),679,39,646
6,2020,复旦大学,物理(必须选考),679,39,646
7,2020,中国科学院大学,物理(必须选考),678,45,691
8,2020,复旦大学,物理/化学(选考一门即可),678,45,691
9,2020,上海交通大学,物理(必须选考),678,45,691
10,2020,中国科学院大学,物理/化学(选考一门即可),677,39,730
11,2020,浙江大学,物理(必须选考),676,38,768
12,2020,中国人民大学,物理(必须选考),675,52,820
13,2020,复旦大学,不限选考科目,675,52,820
14,2020,中国人民大学,物理/历史(选考一门即可),673,60,942
15,2020,上海交通大学医学院,物理+化学(均须选考),672,52,994
16,2020,复旦大学医学院,物理+化学(均须选考),672,52,994
17,2020,中国人民大学,不限选考科目,671,63,1057
18,2020,中国科学技术大学,物理(必须选考),671,63,1057
19,2020,浙江大学,不限选考科目,669,56,1168
20,2020,北京大学医学部,化学+生物(均须选考),667,71,1297
21,2020,南京大学,不限选考科目,667,71,1297
22,2020,南京大学,物理(必须选考),667,71,1297
23,2020,北京大学医学部,物理+化学(均须选考),665,69,1437
24,2020,同济大学,物理(必须选考),664,62,1499
25,2020,浙江大学医学院,化学+生物(均须选考),664,62,1499
26,2020,北京师范大学,物理/化学(选考一门即可),663,68,1567
27,2020,北京师范大学,历史/地理(选考一门即可),663,68,1567
28,2020,北京师范大学,物理(必须选考),662,64,1631
29,2020,天津大学,物理/历史/地理(选考一门即可),662,64,1631
30,2020,北京航空航天大学,物理(必须选考),661,63,1694
31,2020,北京师范大学,不限选考科目,660,82,1776
32,2020,南开大学,不限选考科目,660,82,1776
33,2020,南开大学,物理/化学(选考一门即可),660,82,1776
34,2020,同济大学,物理(必须选考)(中外合作办学专业),660,82,1776
35,2020,南开大学,物理(必须选考),659,70,1846
36,2020,天津大学,物理/历史/地理(选考一门即可)(中外合作办学专业),658,78,1924
37,2020,南开大学,不限选考科目,656,99,2108
38,2020,南开大学,历史/地理(选考一门即可),656,99,2108
39,2020,东南大学,物理/历史/地理(选考一门即可),656,99,2108
40,2020,对外经济贸易大学,不限选考科目,655,101,2209
41,2020,北京理工大学,不限选考科目,654,76,2285
42,2020,北京理工大学,物理(必须选考),653,64,2349
43,2020,对外经济贸易大学,物理/化学/生物(选考一门即可),652,74,2423
44,2020,武汉大学,不限选考科目,652,74,2423
45,2020,对外经济贸易大学,不限选考科目,650,92,2596
46,2020,武汉大学,物理(必须选考),650,92,2596
47,2020,武汉大学,物理/化学(选考一门即可),650,92,2596
48,2020,武汉大学,历史(必须选考),649,111,2707
49,2020,中国社会科学院大学,历史/地理(选考一门即可),648,111,2818
50,2020,中央财经大学,物理(必须选考),648,111,2818
51,2020,天津大学,物理/化学/生物(选考一门即可),648,111,2818
52,2020,上海财经大学,物理(必须选考),648,111,2818
53,2020,中山大学,物理+化学(均须选考),648,111,2818
54,2020,中山大学,历史(必须选考),648,111,2818
55,2020,华东师范大学,不限选考科目,647,94,2912
56,2020,华东师范大学,物理/化学(选考一门即可),647,94,2912
57,2020,华中科技大学,化学+生物(均须选考),647,94,2912
58,2020,天津大学,物理(必须选考),646,88,3000
59,2020,中山大学,不限选考科目,645,89,3089
60,2020,中国人民大学(苏州校区),物理(必须选考)(中外合作办学专业),645,89,3089
61,2020,中央财经大学,不限选考科目,643,89,3269
62,2020,哈尔滨工业大学,物理(必须选考),642,109,3378
63,2020,华东师范大学,物理(必须选考),642,109,3378
64,2020,华中科技大学,物理(必须选考),642,109,3378
65,2020,中山大学,物理/化学(选考一门即可),642,109,3378
66,2020,北京邮电大学,物理(必须选考),641,124,3502
67,2020,上海财经大学,不限选考科目,641,124,3502
68,2020,西安交通大学,物理(必须选考),641,124,3502
69,2020,北京邮电大学,不限选考科目,640,119,3621
70,2020,北京外国语大学,历史(必须选考),640,119,3621
71,2020,厦门大学,不限选考科目,640,119,3621
72,2020,华南理工大学,物理/化学(选考一门即可),640,119,3621
73,2020,电子科技大学,物理(必须选考),640,119,3621
74,2020,中国社会科学院大学,不限选考科目,639,108,3729
75,2020,北京外国语大学,不限选考科目,639,108,3729
76,2020,北京外国语大学,物理/历史/地理(选考一门即可),639,108,3729
77,2020,北京外国语大学,政治(必须选考),639,108,3729
78,2020,东南大学,物理(必须选考),639,108,3729
79,2020,华中科技大学,不限选考科目,639,108,3729
80,2020,华中科技大学,物理/化学/生物(选考一门即可),639,108,3729
81,2020,华中科技大学,物理/历史/地理(选考一门即可),639,108,3729
82,2020,中山大学,物理(必须选考),639,108,3729
83,2020,中国人民大学(苏州校区),不限选考科目(中外合作办学专业),639,108,3729
84,2020,东南大学,不限选考科目,638,123,3852
85,2020,厦门大学,物理(必须选考),638,123,3852
86,2020,华中科技大学,物理/化学(选考一门即可),638,123,3852
87,2020,西安交通大学,政治/历史(选考一门即可),638,123,3852
88,2020,厦门大学,物理/化学/生物(选考一门即可),637,112,3964
89,2020,中南大学,化学+生物(均须选考),637,112,3964
90,2020,中国农业大学,物理/化学/生物(选考一门即可),636,139,4103
91,2020,中央财经大学,不限选考科目(中外合作办学专业),636,139,4103
92,2020,中国政法大学,不限选考科目,636,139,4103
93,2020,厦门大学,物理+化学(均须选考),636,139,4103
94,2020,电子科技大学(沙河校区),物理(必须选考),636,139,4103
95,2020,西安交通大学,历史/地理(选考一门即可),636,139,4103
96,2020,北京交通大学,物理/化学(选考一门即可),635,120,4223
97,2020,北京外国语大学,物理(必须选考),635,120,4223
98,2020,华南理工大学,物理+化学(均须选考),635,120,4223
99,2020,北京交通大学,物理(必须选考),634,130,4353
100,2020,北京林业大学,物理/生物/地理(选考一门即可),634,130,4353
101,2020,上海大学,不限选考科目,634,130,4353
102,2020,武汉大学,物理(必须选考)(中外合作办学专业),634,130,4353
103,2020,西北工业大学,物理(必须选考),634,130,4353
104,2020,北京交通大学,不限选考科目,633,114,4467
105,2020,北京邮电大学,不限选考科目,633,114,4467
106,2020,上海外国语大学,不限选考科目,633,114,4467
107,2020,电子科技大学(沙河校区),物理(必须选考)(中外合作办学专业),633,114,4467
108,2020,中国农业大学,不限选考科目,632,122,4589
109,2020,北京外国语大学,不限选考科目(中外合作办学专业),632,122,4589
110,2020,大连理工大学,化学(必须选考),632,122,4589
111,2020,中国传媒大学,不限选考科目,631,116,4705
112,2020,哈尔滨工业大学,不限选考科目,631,116,4705
113,2020,山东大学,不限选考科目,631,116,4705
114,2020,四川大学,物理+化学(均须选考),631,116,4705
115,2020,中国农业大学,化学(必须选考),630,125,4830
116,2020,北京理工大学,不限选考科目(中外合作办学专业),630,125,4830
117,2020,华南理工大学,物理(必须选考),630,125,4830
118,2020,上海外国语大学,物理(必须选考),629,120,4950
119,2020,山东大学,物理(必须选考),629,120,4950
120,2020,华南理工大学,物理/化学/生物(选考一门即可),629,120,4950
121,2020,四川大学,不限选考科目,629,120,4950
122,2020,四川大学,物理(必须选考),629,120,4950
123,2020,中国农业大学,物理(必须选考),628,137,5087
124,2020,中国传媒大学,不限选考科目(中外合作办学专业),628,137,5087
125,2020,大连理工大学,不限选考科目,628,137,5087
126,2020,大连理工大学,物理(必须选考),628,137,5087
127,2020,华东政法大学,不限选考科目,628,137,5087
128,2020,山东大学,物理/化学/生物(选考一门即可),628,137,5087
129,2020,四川大学,物理/化学(选考一门即可),628,137,5087
130,2020,四川大学,物理/历史/地理(选考一门即可),628,137,5087
131,2020,中央民族大学,历史(必须选考),627,114,5201
132,2020,中国农业大学,物理/化学(选考一门即可),627,114,5201
133,2020,大连理工大学,物理/化学(选考一门即可),627,114,5201
134,2020,大连理工大学,物理/历史/地理(选考一门即可),627,114,5201
135,2020,哈尔滨工业大学(威海),物理(必须选考),627,114,5201
136,2020,湖南大学,历史(必须选考),627,114,5201
137,2020,深圳大学,物理/生物/地理(选考一门即可),627,114,5201
138,2020,西北工业大学,物理/化学/生物(选考一门即可),627,114,5201
139,2020,中央民族大学,不限选考科目,626,120,5321
140,2020,北京科技大学,物理(必须选考),626,120,5321
141,2020,北京科技大学,物理/化学(选考一门即可),626,120,5321
142,2020,山东大学,物理+化学+生物(均须选考),626,120,5321
143,2020,华南理工大学,不限选考科目,626,120,5321
144,2020,中央民族大学,物理/化学/生物(选考一门即可),625,134,5455
145,2020,北京科技大学,不限选考科目,625,134,5455
146,2020,吉林大学,不限选考科目,625,134,5455
147,2020,苏州大学,化学+生物(均须选考),625,134,5455
148,2020,西北工业大学,不限选考科目,625,134,5455
149,2020,中央民族大学,物理(必须选考),624,131,5586
150,2020,北京交通大学,物理/化学(选考一门即可)(中外合作办学专业),624,131,5586
151,2020,北京林业大学,物理/历史/地理(选考一门即可),624,131,5586
152,2020,中国传媒大学,物理(必须选考),624,131,5586
153,2020,山东大学威海分校,不限选考科目,624,131,5586
154,2020,中南大学,不限选考科目,624,131,5586
155,2020,四川大学,物理/化学/生物(选考一门即可),624,131,5586
156,2020,西安电子科技大学,物理(必须选考),624,131,5586
157,2020,华北电力大学(北京),物理/历史(选考一门即可),623,134,5720
158,2020,吉林大学,历史/地理(选考一门即可),623,134,5720
159,2020,上海大学,物理(必须选考),623,134,5720
160,2020,山东大学威海分校,物理(必须选考),623,134,5720
161,2020,中南大学,物理+化学(均须选考),623,134,5720
162,2020,西南财经大学,不限选考科目,623,134,5720
163,2020,西南财经大学,物理(必须选考),623,134,5720
164,2020,中南财经政法大学,不限选考科目,622,146,5866
165,2020,中南大学,物理(必须选考),622,146,5866
166,2020,兰州大学,历史/地理(选考一门即可),622,146,5866
167,2020,北京电影学院,不限选考科目,621,152,6018
168,2020,北京电影学院,物理(必须选考),621,152,6018
169,2020,吉林大学,物理(必须选考),621,152,6018
170,2020,湖南大学,不限选考科目,621,152,6018
171,2020,北京师范大学(珠海校区),物理(必须选考),621,152,6018
172,2020,重庆大学,物理(必须选考),621,152,6018
173,2020,北京邮电大学(宏福校区),物理(必须选考)(中外合作办学专业),621,152,6018
174,2020,吉林大学,不限选考科目,620,139,6157
175,2020,吉林大学,物理+化学(均须选考),620,139,6157
176,2020,苏州大学,不限选考科目,620,139,6157
177,2020,哈尔滨工业大学(威海),不限选考科目,620,139,6157
178,2020,湖南大学,物理/化学(选考一门即可),620,139,6157
179,2020,南方医科大学,化学+生物(均须选考),620,139,6157
180,2020,重庆大学,不限选考科目,620,139,6157
181,2020,东北大学,物理(必须选考),619,156,6313
182,2020,中国海洋大学,不限选考科目,619,156,6313
183,2020,中国海洋大学,物理/化学/生物(选考一门即可),619,156,6313
184,2020,湖南大学,物理(必须选考),619,156,6313
185,2020,北京林业大学,不限选考科目,618,138,6451
186,2020,华北电力大学(北京),化学(必须选考),618,138,6451
187,2020,大连理工大学,物理(必须选考)(中外合作办学专业),618,138,6451
188,2020,西北大学,历史/地理(选考一门即可),618,138,6451
189,2020,北京交通大学,物理(必须选考)(中外合作办学专业),617,152,6603
190,2020,北京林业大学,物理/化学/地理(选考一门即可),617,152,6603
191,2020,华北电力大学(北京),不限选考科目,617,152,6603
192,2020,大连理工大学,物理(必须选考)(中外合作办学专业),617,152,6603
193,2020,吉林大学,化学(必须选考),617,152,6603
194,2020,吉林大学,化学+生物(均须选考),617,152,6603
195,2020,华东理工大学,物理(必须选考),617,152,6603
196,2020,华东理工大学,物理/化学(选考一门即可),617,152,6603
197,2020,中国海洋大学,物理(必须选考),617,152,6603
198,2020,湖南大学,物理/化学/生物(选考一门即可),617,152,6603
199,2020,北京师范大学(珠海校区),不限选考科目,617,152,6603
200,2020,西南财经大学,不限选考科目(中外合作办学专业),617,152,6603
201,2020,兰州大学,化学+生物(均须选考),617,152,6603
202,2020,华北电力大学(北京),物理(必须选考),616,130,6733
203,2020,华东理工大学,不限选考科目,616,130,6733
204,2020,苏州大学,物理(必须选考),616,130,6733
205,2020,华中师范大学,化学(必须选考),616,130,6733
206,2020,暨南大学,物理/化学/生物(选考一门即可),616,130,6733
207,2020,重庆大学,物理(必须选考)(中外合作办学专业),616,130,6733
208,2020,北京化工大学,不限选考科目,615,154,6887
209,2020,华中师范大学,生物/政治/历史(选考一门即可),615,154,6887
210,2020,北京化工大学,物理(必须选考),614,125,7012
211,2020,首都医科大学,物理+化学(均须选考),614,125,7012
212,2020,吉林大学,物理/化学/生物(选考一门即可),614,125,7012
213,2020,兰州大学,物理/生物/地理(选考一门即可),614,125,7012
214,2020,北京化工大学,物理/化学(选考一门即可),613,165,7177
215,2020,北京化工大学,物理/化学/生物(选考一门即可),613,165,7177
216,2020,北京林业大学,化学/生物(选考一门即可),613,165,7177
217,2020,上海大学,不限选考科目(中外合作办学专业),613,165,7177
218,2020,中国海洋大学,不限选考科目(中外合作办学专业),613,165,7177
219,2020,西南政法大学,不限选考科目,613,165,7177
220,2020,兰州大学,物理(必须选考),613,165,7177
221,2020,北京语言大学,物理/化学/生物(选考一门即可),612,158,7335
222,2020,东北大学,物理/化学/生物(选考一门即可),612,158,7335
223,2020,中国海洋大学,化学/生物(选考一门即可),612,158,7335
224,2020,华中师范大学,物理/生物(选考一门即可),612,158,7335
225,2020,西南交通大学,物理/化学(选考一门即可),612,158,7335
226,2020,兰州大学,物理/化学/生物(选考一门即可),612,158,7335
227,2020,中国人民公安大学,不限选考科目,611,145,7480
228,2020,东北大学,物理/历史/地理(选考一门即可),611,145,7480
229,2020,南京航空航天大学,物理(必须选考),611,145,7480
230,2020,南京理工大学,物理(必须选考),611,145,7480
231,2020,苏州大学,化学(必须选考),611,145,7480
232,2020,暨南大学,不限选考科目,611,145,7480
233,2020,深圳大学,生物(必须选考),611,145,7480
234,2020,兰州大学,不限选考科目,611,145,7480
235,2020,北京语言大学,不限选考科目,610,148,7628
236,2020,天津医科大学,物理+化学+生物(均须选考),610,148,7628
237,2020,吉林大学,物理(必须选考)(中外合作办学专业),610,148,7628
238,2020,南京理工大学,化学(必须选考),610,148,7628
239,2020,暨南大学,物理(必须选考),610,148,7628
240,2020,兰州大学,化学(必须选考),610,148,7628
241,2020,中央民族大学,物理/化学/生物(选考一门即可)(中外合作办学专业),609,178,7806
242,2020,北京化工大学,物理+化学(均须选考),609,178,7806
243,2020,天津医科大学,化学+生物(均须选考),609,178,7806
244,2020,大连理工大学(盘锦校区),化学(必须选考),609,178,7806
245,2020,华北电力大学(保定),物理/历史(选考一门即可),608,135,7941
246,2020,东北大学,不限选考科目,608,135,7941
247,2020,东北大学,政治/历史(选考一门即可),608,135,7941
248,2020,东北师范大学,历史(必须选考),608,135,7941
249,2020,北京林业大学,物理(必须选考),607,153,8094
250,2020,北京林业大学,物理/化学/生物(选考一门即可),607,153,8094
251,2020,大连理工大学(盘锦校区),不限选考科目,607,153,8094
252,2020,西北工业大学,物理(必须选考)(中外合作办学专业),607,153,8094
253,2020,中国农业大学,不限选考科目(中外合作办学专业),606,169,8263
254,2020,北京林业大学,物理+化学(均须选考),606,169,8263
255,2020,北京林业大学,化学(必须选考),606,169,8263
256,2020,大连理工大学(盘锦校区),物理/化学/生物(选考一门即可),606,169,8263
257,2020,华东理工大学,物理/化学(选考一门即可)(中外合作办学专业),606,169,8263
258,2020,武汉理工大学,化学(必须选考),606,169,8263
259,2020,华中农业大学,化学/生物(选考一门即可),606,169,8263
260,2020,北京中医药大学,物理/化学/生物(选考一门即可),605,137,8400
261,2020,大连医科大学,化学+生物(均须选考),605,137,8400
262,2020,华中师范大学,政治+历史(均须选考),605,137,8400
263,2020,四川大学,物理(必须选考)(中外合作办学专业),605,137,8400
264,2020,中国地质大学(北京),不限选考科目,604,171,8571
265,2020,中国医科大学,化学+生物(均须选考),604,171,8571
266,2020,大连理工大学(盘锦校区),物理/化学(选考一门即可),604,171,8571
267,2020,东北财经大学,不限选考科目,603,142,8713
268,2020,东北师范大学,物理/历史/地理(选考一门即可),603,142,8713
269,2020,南京航空航天大学,不限选考科目,603,142,8713
270,2020,南京师范大学,不限选考科目,603,142,8713
271,2020,西南大学,物理/化学/生物(选考一门即可),603,142,8713
272,2020,西南交通大学,政治/历史/地理(选考一门即可),603,142,8713
273,2020,北京语言大学,物理(必须选考),602,172,8885
274,2020,东华大学,不限选考科目,602,172,8885
275,2020,华中师范大学,不限选考科目,602,172,8885
276,2020,陕西师范大学,物理(必须选考),602,172,8885
277,2020,北京林业大学,化学/生物(选考一门即可)(中外合作办学专业),601,180,9065
278,2020,北京工业大学,物理(必须选考),601,180,9065
279,2020,华北电力大学(保定),物理(必须选考),601,180,9065
280,2020,中国药科大学,物理/化学(选考一门即可),601,180,9065
281,2020,南京理工大学,不限选考科目,601,180,9065
282,2020,宁波诺丁汉大学,不限选考科目(中外合作办学专业),601,180,9065
283,2020,南京医科大学,物理+化学(均须选考),600,157,9222
284,2020,西南交通大学,不限选考科目,600,157,9222
285,2021,清华大学,不限,684,24,272
286,2021,北京大学,不限,683,32,304
287,2021,清华大学,物理＋化学,683,32,304
288,2021,北京大学,物理,681,25,350
289,2021,清华大学,物理,681,25,350
290,2021,中国科学院大学,物理／化学／生物,679,39,427
291,2021,北京大学,物理／化学,679,39,427
292,2021,北京大学,不限,678,34,461
293,2021,复旦大学,物理／化学,676,49,544
294,2021,上海交通大学,物理,675,37,581
295,2021,中国科学院大学,物理,674,38,619
296,2021,中国科学院大学,物理／化学,673,53,672
297,2021,复旦大学,物理,673,53,672
298,2021,上海交通大学,物理,672,53,725
299,2021,复旦大学,不限,671,38,763
300,2021,浙江大学,物理,670,47,810
301,2021,上海交通大学,不限,669,53,863
302,2021,中国人民大学,物理／历史,668,45,908
303,2021,中国人民大学,物理,667,64,972
304,2021,中国人民大学,不限,666,42,1014
305,2021,南京大学,物理＋化学,665,73,1087
306,2021,浙江大学,不限,665,73,1087
307,2021,中国科学技术大学,物理,665,73,1087
308,2021,北京大学医学部,不限,664,63,1150
309,2021,北京大学医学部,物理＋化学,664,63,1150
310,2021,北京理工大学,物理,664,63,1150
311,2021,南京大学,不限,664,63,1150
312,2021,复旦大学医学院,物理＋化学,663,65,1215
313,2021,南京大学,物理,663,65,1215
314,2021,北京大学医学部,物理＋化学,662,77,1292
315,2021,上海交通大学医学院,物理＋化学,662,77,1292
316,2021,浙江大学医学院,化学＋生物,661,60,1352
317,2021,北京师范大学,历史／地理,660,69,1421
318,2021,北京师范大学,物理,658,72,1557
319,2021,北京航空航天大学,物理,658,72,1557
320,2021,南开大学,不限,658,72,1557
321,2021,北京师范大学,物理／化学,657,75,1632
322,2021,南开大学,物理／化学／生物,657,75,1632
323,2021,同济大学,物理,657,75,1632
324,2021,北京师范大学,不限,656,97,1729
325,2021,南开大学,不限,655,79,1808
326,2021,南开大学,物理,655,79,1808
327,2021,南开大学,历史／地理,654,90,1898
328,2021,北京理工大学,物理,653,85,1983
329,2021,天津大学,物理／历史／地理,653,85,1983
330,2021,武汉大学,历史,653,85,1983
331,2021,北京师范大学,不限,652,71,2054
332,2021,东南大学,物理／历史／地理,652,71,2054
333,2021,对外经济贸易大学,物理,651,95,2149
334,2021,天津大学,物理／历史／地理(中外合办),650,90,2239
335,2021,武汉大学,物理＋化学,650,90,2239
336,2021,武汉大学,物理／历史,650,90,2239
337,2021,北京理工大学,不限,649,70,2309
338,2021,同济大学,物理(中外合办),649,70,2309
339,2021,天津大学,物理／化学／生物,647,95,2484
340,2021,中山大学,历史,647,95,2484
341,2021,北京航空航天大学,不限,646,85,2569
342,2021,华东师范大学,不限,646,85,2569
343,2021,中央财经大学,物理,645,96,2665
344,2021,对外经济贸易大学,不限,645,96,2665
345,2021,武汉大学,物理,644,96,2761
346,2021,华中科技大学,化学＋生物,644,96,2761
347,2021,对外经济贸易大学,不限,643,92,2853
348,2021,天津大学,物理,643,92,2853
349,2021,华东师范大学,物理／化学,643,92,2853
350,2021,华中科技大学,物理／化学／生物,643,92,2853
351,2021,华中科技大学,物理,642,92,2945
352,2021,上海财经大学,物理,641,75,3020
353,2021,中山大学,物理＋化学,641,75,3020
354,2021,天津大学,物理＋化学,640,111,3131
355,2021,厦门大学,不限,640,111,3131
356,2021,西安交通大学,物理,640,111,3131
357,2021,中国社会科学院大学,历史／地理,639,113,3244
358,2021,中央财经大学,不限,639,113,3244
359,2021,哈尔滨工业大学,物理,639,113,3244
360,2021,哈尔滨工业大学,物理,639,113,3244
361,2021,华东师范大学,物理,639,113,3244
362,2021,四川大学,物理＋化学,639,113,3244
363,2021,中国人民大学(苏州校区),物理(中外合办),639,113,3244
364,2021,北京邮电大学,物理,638,121,3365
365,2021,华中科技大学,不限,638,121,3365
366,2021,中南大学,化学＋生物,638,121,3365
367,2021,电子科技大学,物理,638,121,3365
368,2021,东南大学,物理,637,95,3460
369,2021,厦门大学,物理,637,95,3460
370,2021,上海财经大学,不限,636,96,3556
371,2021,北京外国语大学,历史,635,108,3664
372,2021,东南大学,不限,635,108,3664
373,2021,中山大学,物理,635,108,3664
374,2021,电子科技大学(沙河校区),物理,635,108,3664
375,2021,中国社会科学院大学,不限,634,120,3784
376,2021,北京理工大学,物理(中外合办),634,120,3784
377,2021,厦门大学,物理／化学／生物,634,120,3784
378,2021,西北工业大学,物理,634,120,3784
379,2021,北京邮电大学,不限,633,97,3881
380,2021,哈尔滨工业大学,不限,633,97,3881
381,2021,厦门大学,物理＋化学,633,97,3881
382,2021,西安交通大学,思想政治／历史,633,97,3881
383,2021,中国农业大学,物理／化学／生物,632,96,3977
384,2021,北京外国语大学,不限,632,96,3977
385,2021,中国政法大学,不限,632,96,3977
386,2021,电子科技大学(沙河校区),物理(中外合办),632,96,3977
387,2021,西安交通大学,历史／地理,632,96,3977
388,2021,北京外国语大学,思想政治,631,97,4074
389,2021,中央财经大学,不限(中外合办),631,97,4074
390,2021,山东大学,不限,631,97,4074
391,2021,北京交通大学,物理,630,116,4190
392,2021,华南理工大学,物理,629,120,4310
393,2021,西北大学,历史／地理,629,120,4310
394,2021,中国人民大学(苏州校区),不限(中外合办),629,120,4310
395,2021,中国传媒大学,不限,628,105,4415
396,2021,山东大学,物理,628,105,4415
397,2021,武汉大学,物理(中外合办),628,105,4415
398,2021,中国农业大学,不限,627,125,4540
399,2021,中国农业大学,化学,627,125,4540
400,2021,北京林业大学,物理／生物／地理,627,125,4540
401,2021,上海大学,不限,627,125,4540
402,2021,华南理工大学,物理／化学／生物,627,125,4540
403,2021,北京交通大学,不限,626,95,4635
404,2021,北京理工大学,不限(中外合办),626,95,4635
405,2021,四川大学,物理,626,95,4635
406,2021,北京外国语大学,不限(中外合办),625,124,4759
407,2021,吉林大学,历史／地理,625,124,4759
408,2021,西交利物浦大学,物理／化学(中外合办),625,124,4759
409,2021,中南大学,物理＋化学,625,124,4759
410,2021,上海外国语大学,不限,624,107,4866
411,2021,山东大学,物理／化学／生物,624,107,4866
412,2021,四川大学,不限,624,107,4866
413,2021,北京外国语大学,不限(中外合办),623,117,4983
414,2021,大连理工大学,物理,623,117,4983
415,2021,哈尔滨工业大学(威海),物理,623,117,4983
416,2021,华南理工大学,物理＋化学,623,117,4983
417,2021,四川大学,物理／化学,623,117,4983
418,2021,西北工业大学,物理／化学／生物,623,117,4983
419,2021,中央民族大学,历史,622,128,5111
420,2021,北京科技大学,物理,622,128,5111
421,2021,中国农业大学,物理,622,128,5111
422,2021,大连理工大学,化学,622,128,5111
423,2021,吉林大学,化学＋生物,622,128,5111
424,2021,华东政法大学,不限,622,128,5111
425,2021,山东大学,物理＋化学＋生物,622,128,5111
426,2021,苏州大学,化学＋生物,621,126,5237
427,2021,北京师范大学(珠海校区),物理,621,126,5237
428,2021,四川大学,物理／化学／生物,621,126,5237
429,2021,四川大学,物理／历史／地理,621,126,5237
430,2021,中央民族大学,不限,620,106,5343
431,2021,中国传媒大学,物理,620,106,5343
432,2021,中南大学,不限,620,106,5343
433,2021,西安电子科技大学,物理,620,106,5343
434,2021,北京科技大学,物理／化学,619,136,5479
435,2021,吉林大学,物理,619,136,5479
436,2021,湖南大学,历史,619,136,5479
437,2021,中南大学,物理,619,136,5479
438,2021,北京师范大学(珠海校区),物理／化学,619,136,5479
439,2021,中央民族大学,物理／化学／生物,618,118,5597
440,2021,北京科技大学,不限,618,118,5597
441,2021,吉林大学,思想政治,618,118,5597
442,2021,上海外国语大学,不限(中外合办),618,118,5597
443,2021,哈尔滨工业大学(威海),不限,618,118,5597
444,2021,湖南大学,不限,618,118,5597
445,2021,华南理工大学,不限,618,118,5597
446,2021,北京师范大学(珠海校区),不限,618,118,5597
447,2021,中央民族大学,物理,617,122,5719
448,2021,北京林业大学,物理／历史／地理,617,122,5719
449,2021,东北大学,物理,617,122,5719
450,2021,吉林大学,不限,617,122,5719
451,2021,中国海洋大学,物理／化学／生物,617,122,5719
452,2021,华中科技大学,物理／化学／生物(中外合办),617,122,5719
453,2021,湖南大学,物理／化学,617,122,5719
454,2021,重庆大学,不限,617,122,5719
455,2021,中国传媒大学,不限(中外合办),616,141,5860
456,2021,吉林大学,物理＋化学,616,141,5860
457,2021,吉林大学,化学,616,141,5860
458,2021,中国海洋大学,化学／生物,616,141,5860
459,2021,山东大学威海分校,物理,616,141,5860
460,2021,华中师范大学,物理／生物,616,141,5860
461,2021,湖南大学,物理,616,141,5860
462,2021,西南财经大学,不限,616,141,5860
463,2021,西北工业大学,不限,616,141,5860
464,2021,中国农业大学,化学(中外合办),615,111,5971
465,2021,上海大学,物理,615,111,5971
466,2021,山东大学威海分校,不限,615,111,5971
467,2021,湖南大学,物理／化学／生物,615,111,5971
468,2021,重庆大学,物理,615,111,5971
469,2021,西南财经大学,物理,615,111,5971
470,2021,兰州大学,历史／地理,615,111,5971
471,2021,北京邮电大学(宏福校区),物理(中外合办),615,111,5971
472,2021,吉林大学,物理／化学／生物,614,124,6095
473,2021,苏州大学,不限,614,124,6095
474,2021,苏州大学,物理,614,124,6095
475,2021,中国海洋大学,物理,614,124,6095
476,2021,北京林业大学,物理／化学／地理,613,117,6212
477,2021,首都医科大学,物理＋化学,613,117,6212
478,2021,华东理工大学,不限,613,117,6212
479,2021,上海中医药大学,物理／化学／生物,613,117,6212
480,2021,兰州大学,不限,613,117,6212
481,2021,华北电力大学(北京),物理,612,141,6353
482,2021,大连理工大学,物理(中外合办),612,141,6353
483,2021,大连理工大学,物理(中外合办),612,141,6353
484,2021,华中师范大学,化学,612,141,6353
485,2021,中南财经政法大学,不限,612,141,6353
486,2021,兰州大学,物理／生物／地理,612,141,6353
487,2021,北京林业大学,不限,611,147,6500
488,2021,华北电力大学(北京),化学,611,147,6500
489,2021,吉林大学,不限,611,147,6500
490,2021,华东理工大学,物理,611,147,6500
491,2021,华中师范大学,生物／思想政治／历史,611,147,6500
492,2021,西南政法大学,不限,611,147,6500
493,2021,兰州大学,物理,611,147,6500
494,2021,华北电力大学(北京),不限,610,121,6621
495,2021,南京航空航天大学,物理,610,121,6621
496,2021,南方医科大学,化学＋生物,610,121,6621
497,2021,北京林业大学,化学／生物,609,133,6754
498,2021,北京大学医学部,不限,609,133,6754
499,2021,天津医科大学,化学＋生物,609,133,6754
500,2021,东北大学,物理／化学／生物,609,133,6754
501,2021,中国人民公安大学,不限,608,126,6880
502,2021,天津医科大学,物理＋化学＋生物,608,126,6880
503,2021,上海大学,不限(中外合办),608,126,6880
504,2021,兰州大学,化学,608,126,6880
505,2021,兰州大学,化学＋生物,608,126,6880
506,2021,北京电影学院,不限,607,145,7025
507,2021,北京交通大学,物理(中外合办),607,145,7025
508,2021,华东理工大学,物理／化学,607,145,7025
509,2021,中国海洋大学,不限,607,145,7025
510,2021,中国海洋大学,不限(中外合办),607,145,7025
511,2021,北京电影学院,物理,606,160,7185
512,2021,北京化工大学,物理,606,160,7185
513,2021,东北大学,不限,606,160,7185
514,2021,东北大学,物理／历史／地理,606,160,7185
515,2021,东北师范大学,不限,606,160,7185
516,2021,华中师范大学,不限,606,160,7185
517,2021,重庆大学,物理(中外合办),606,160,7185
518,2021,西南交通大学,物理／化学,606,160,7185
519,2021,西南财经大学,不限(中外合办),606,160,7185
520,2021,北京化工大学,不限,605,139,7324
521,2021,南京理工大学,物理,605,139,7324
522,2021,北京林业大学,化学,604,151,7475
523,2021,中国地质大学(北京),不限,604,151,7475
524,2021,东北大学,思想政治／历史,604,151,7475
525,2021,大连理工大学(盘锦校区),不限,604,151,7475
526,2021,深圳大学,物理,604,151,7475
527,2021,大连理工大学(盘锦校区),化学,603,137,7612
528,2021,四川大学,物理(中外合办),603,137,7612
529,2021,西北大学,物理／思想政治／历史,603,137,7612
530,2021,中国农业大学,不限(中外合办),602,127,7739
531,2021,华北电力大学(保定),物理,602,127,7739
532,2021,华中师范大学,物理,602,127,7739
533,2021,北京林业大学,物理／化学／生物,601,153,7892
534,2021,北京语言大学,不限,601,153,7892
535,2021,北京语言大学,物理／化学／生物,601,153,7892
536,2021,中国地质大学(北京),物理＋地理,601,153,7892
537,2021,华北电力大学(保定),化学,601,153,7892
538,2021,大连理工大学(盘锦校区),物理／化学／生物,601,153,7892
539,2021,苏州大学,化学,601,153,7892
540,2021,暨南大学,不限,601,153,7892
541,2021,暨南大学,物理,601,153,7892
542,2021,中央民族大学,物理／化学／生物(中外合办),600,123,8015
543,2021,南京师范大学,不限,600,123,8015
544,2021,深圳大学,物理／生物／地理,600,123,8015
545,2021,西北政法大学,不限,600,123,8015
546,2022,清华大学,不限,689,33,350
547,2022,北京大学,物理,688,40,390
548,2022,北京大学,物理／化学,688,40,390
549,2022,清华大学,物理,688,40,390
550,2022,清华大学,物理＋化学,688,40,390
551,2022,北京大学,不限,687,26,416
552,2022,上海交通大学,物理,685,36,491
553,2022,中国科学院大学,物理,684,31,522
554,2022,复旦大学,物理／化学,684,31,522
555,2022,复旦大学,物理,681,42,636
556,2022,上海交通大学,物理,681,42,636
557,2022,浙江大学,物理,678,49,761
558,2022,复旦大学,不限,677,46,807
559,2022,上海交通大学医学院,物理＋化学,675,51,908
560,2022,复旦大学医学院,物理＋化学,675,51,908
561,2022,浙江大学,不限,675,51,908
562,2022,中国人民大学,物理,674,58,966
563,2022,中国人民大学,物理／历史,673,52,1018
564,2022,北京大学医学部,物理＋化学,673,52,1018
565,2022,中国科学技术大学,物理,673,52,1018
566,2022,上海交通大学,不限,672,53,1071
567,2022,南京大学,物理,672,53,1071
568,2022,南京大学,物理＋化学,672,53,1071
569,2022,北京大学医学部,不限,671,61,1132
570,2022,中国人民大学,不限,670,75,1207
571,2022,北京大学医学部,物理＋化学,670,75,1207
572,2022,南京大学,不限,669,71,1278
573,2022,北京师范大学,历史／地理,668,63,1341
574,2022,上海交通大学医学院,物理＋化学,667,65,1406
575,2022,浙江大学医学院,化学＋生物,665,71,1526
576,2022,四川大学,物理／化学／生物,665,71,1526
577,2022,北京师范大学,物理／化学,664,61,1587
578,2022,南开大学,不限,664,61,1587
579,2022,北京航空航天大学,物理,663,67,1654
580,2022,北京师范大学,物理,662,69,1723
581,2022,南开大学,物理／化学／生物,662,69,1723
582,2022,同济大学,物理,662,69,1723
583,2022,华中科技大学,物理／化学／生物,662,69,1723
584,2022,北京邮电大学,物理,659,73,1944
585,2022,北京师范大学,不限,659,73,1944
586,2022,北京理工大学,物理,659,73,1944
587,2022,南开大学,物理,659,73,1944
588,2022,武汉大学,物理＋化学,658,89,2033
589,2022,北京理工大学,不限,657,93,2126
590,2022,南开大学,不限,656,76,2202
591,2022,南开大学,历史／地理,656,76,2202
592,2022,武汉大学,物理／历史,656,76,2202
593,2022,北京师范大学,不限,655,95,2297
594,2022,天津大学,物理／化学／生物,655,95,2297
595,2022,天津大学,物理／历史／地理,655,95,2297
596,2022,东南大学,物理／历史／地理,655,95,2297
597,2022,武汉大学,物理,654,78,2375
598,2022,武汉大学,历史,654,78,2375
599,2022,对外经济贸易大学,物理,653,90,2465
600,2022,华东师范大学,物理／化学,653,90,2465
601,2022,华中科技大学,物理,653,90,2465
602,2022,四川大学,历史／地理,653,90,2465
603,2022,北京航空航天大学,不限,652,81,2546
604,2022,哈尔滨工业大学,物理,652,81,2546
605,2022,中央财经大学,物理,649,106,2850
606,2022,天津大学,物理,649,106,2850
607,2022,天津大学,物理／历史／地理(中外合办),649,106,2850
608,2022,中国社会科学院大学,历史／地理,648,90,2940
609,2022,同济大学,物理(中外合办),648,90,2940
610,2022,华中科技大学,化学＋生物,648,90,2940
611,2022,中山大学,物理＋化学,648,90,2940
612,2022,四川大学,物理＋化学,648,90,2940
613,2022,北京交通大学,物理,647,96,3036
614,2022,华中科技大学,物理／历史／地理,646,100,3136
615,2022,西安交通大学,物理,646,100,3136
616,2022,北京邮电大学,物理,645,105,3241
617,2022,华东师范大学,不限,645,105,3241
618,2022,上海财经大学,物理,645,105,3241
619,2022,东南大学,物理,645,105,3241
620,2022,中山大学,物理,645,105,3241
621,2022,电子科技大学,物理,645,105,3241
622,2022,中国人民大学(苏州校区),物理(中外合办),645,105,3241
623,2022,华东师范大学,物理,644,95,3336
624,2022,厦门大学,物理,644,95,3336
625,2022,对外经济贸易大学,不限,643,92,3428
626,2022,中山大学,不限,643,92,3428
627,2022,电子科技大学(沙河校区),物理,643,92,3428
628,2022,中央财经大学,不限,642,105,3533
629,2022,北京理工大学,物理(中外合办),642,105,3533
630,2022,天津大学,物理＋化学,642,105,3533
631,2022,厦门大学,不限,642,105,3533
632,2022,厦门大学,物理／化学／生物,642,105,3533
633,2022,华中科技大学,不限,642,105,3533
634,2022,北京外国语大学,历史,641,110,3643
635,2022,中国美术学院,不限,641,110,3643
636,2022,西北工业大学,物理,641,110,3643
637,2022,中国人民大学(苏州校区),不限(中外合办),641,110,3643
638,2022,电子科技大学(沙河校区),物理(中外合办),640,122,3765
639,2022,中国社会科学院大学,不限,639,116,3881
640,2022,上海财经大学,不限,639,116,3881
641,2022,东南大学,不限,639,116,3881
642,2022,山东大学,物理,639,116,3881
643,2022,厦门大学,物理＋化学,638,103,3984
644,2022,中国农业大学,物理／化学／生物,636,108,4186
645,2022,中央财经大学,不限(中外合办),636,108,4186
646,2022,华南理工大学,物理,636,108,4186
647,2022,四川大学,物理,636,108,4186
648,2022,北京交通大学,物理,635,102,4288
649,2022,北京外国语大学,不限,635,102,4288
650,2022,西北工业大学,物理／化学／生物,635,102,4288
651,2022,北京邮电大学,不限,634,112,4400
652,2022,上海中医药大学,物理／化学／生物,634,112,4400
653,2022,武汉大学,物理(中外合办),634,112,4400
654,2022,四川大学,不限,634,112,4400
655,2022,大连理工大学,物理,633,111,4511
656,2022,吉林大学,物理,632,118,4629
657,2022,吉林大学,物理,632,118,4629
658,2022,中国农业大学,化学,631,132,4761
659,2022,哈尔滨工业大学(威海),物理,631,132,4761
660,2022,四川大学,物理／化学,631,132,4761
661,2022,中国农业大学,不限,630,96,4857
662,2022,中国政法大学,不限,630,96,4857
663,2022,中国传媒大学,不限,629,107,4964
664,2022,华东政法大学,不限,629,107,4964
665,2022,四川大学,物理／化学／生物,629,107,4964
666,2022,北京交通大学,不限,628,99,5063
667,2022,中国农业大学,物理,628,99,5063
668,2022,山东大学,不限,628,99,5063
669,2022,中央民族大学,历史,627,109,5172
670,2022,北京科技大学,物理,627,109,5172
671,2022,北京林业大学,物理／生物／地理,627,109,5172
672,2022,北京理工大学,不限(中外合办),627,109,5172
673,2022,吉林大学,化学,627,109,5172
674,2022,吉林大学,历史／地理,627,109,5172
675,2022,华南理工大学,物理＋化学,627,109,5172
676,2022,北京师范大学(珠海校区),物理,627,109,5172
677,2022,西安电子科技大学,物理,627,109,5172
678,2022,山东大学,物理／化学／生物,626,108,5280
679,2022,中南大学,不限,626,108,5280
680,2022,华南理工大学,物理／化学／生物,626,108,5280
681,2022,北京师范大学(珠海校区),物理／化学,626,108,5280
682,2022,西北大学,历史／地理,626,108,5280
683,2022,北京科技大学,物理／化学,625,128,5408
684,2022,北京外国语大学,不限(中外合办),625,128,5408
685,2022,中国传媒大学,不限(中外合办),625,128,5408
686,2022,大连理工大学,化学,625,128,5408
687,2022,上海外国语大学,不限,625,128,5408
688,2022,上海外国语大学,物理,625,128,5408
689,2022,上海大学,不限,625,128,5408
690,2022,湖南大学,历史,625,128,5408
691,2022,中南大学,物理＋化学,625,128,5408
692,2022,北京师范大学(珠海校区),不限,625,128,5408
693,2022,重庆大学,不限,625,128,5408
694,2022,西北工业大学,不限,625,128,5408
695,2022,东北大学,物理,624,122,5530
696,2022,吉林大学,不限,624,122,5530
697,2022,山东大学,物理＋化学＋生物,624,122,5530
698,2022,山东大学威海分校,物理,624,122,5530
699,2022,四川大学,物理／历史／地理,624,122,5530
700,2022,北京邮电大学(宏福校区),物理(中外合办),624,122,5530
701,2022,吉林大学,物理＋化学,622,122,5775
702,2022,吉林大学,物理／化学／生物,622,122,5775
703,2022,吉林大学,化学＋生物,622,122,5775
704,2022,山东大学威海分校,不限,622,122,5775
705,2022,华中科技大学,物理／化学／生物(中外合办),622,122,5775
706,2022,中央民族大学,不限,621,112,5887
707,2022,中国传媒大学,物理,621,112,5887
708,2022,大连理工大学,物理(中外合办),621,112,5887
709,2022,吉林大学,思想政治／历史,621,112,5887
710,2022,上海大学,物理,621,112,5887
711,2022,华南理工大学,不限,621,112,5887
712,2022,兰州大学,历史／地理,621,112,5887
713,2022,北京大学医学部,不限,620,112,5999
714,2022,重庆大学,物理,620,112,5999
715,2022,北京科技大学,不限,619,116,6115
716,2022,中国海洋大学,物理／化学／生物,619,116,6115
717,2022,湖南大学,物理,619,116,6115
718,2022,湖南大学,物理／化学,619,116,6115
719,2022,西南财经大学,不限,619,116,6115
720,2022,电子科技大学(沙河校区),物理(中外合办),619,116,6115
721,2022,北京林业大学,物理／化学／地理,618,133,6248
722,2022,东北师范大学,不限,618,133,6248
723,2022,苏州大学,化学,618,133,6248
724,2022,苏州大学,化学＋生物,618,133,6248
725,2022,湖南大学,不限,618,133,6248
726,2022,湖南大学,物理／化学／生物,618,133,6248
727,2022,西南政法大学,不限,618,133,6248
728,2022,西南财经大学,物理,618,133,6248
729,2022,西安交通大学,物理(中外合办),618,133,6248
730,2022,北京邮电大学(宏福校区),物理(中外合办),618,133,6248
731,2022,中央民族大学,物理／化学／生物,617,132,6380
732,2022,北京林业大学,物理／历史／地理,617,132,6380
733,2022,吉林大学,不限,617,132,6380
734,2022,中南大学,物理(中外合办),617,132,6380
735,2022,中央民族大学,物理,616,129,6509
736,2022,南京航空航天大学,物理,616,129,6509
737,2022,四川大学,物理(中外合办),616,129,6509
738,2022,中国人民公安大学,不限,615,143,6652
739,2022,首都医科大学,物理＋化学,615,143,6652
740,2022,华东理工大学,物理,615,143,6652
741,2022,华中师范大学,物理／生物,615,143,6652
742,2022,中南财经政法大学,不限,615,143,6652
743,2022,兰州大学,物理,615,143,6652
744,2022,北京交通大学,物理(中外合办),614,128,6780
745,2022,华北电力大学(北京),物理,614,128,6780
746,2022,华东理工大学,不限,614,128,6780
747,2022,中国海洋大学,不限,614,128,6780
748,2022,四川大学,物理(中外合办),614,128,6780
749,2022,兰州大学,不限,614,128,6780
750,2022,兰州大学,物理／生物／地理,614,128,6780
751,2022,兰州大学,化学＋生物,614,128,6780
752,2022,北京林业大学,化学／生物,613,132,6912
753,2022,中国地质大学(北京),物理＋地理,613,132,6912
754,2022,天津医科大学,物理＋化学＋生物,613,132,6912
755,2022,东北大学,物理／化学／生物,613,132,6912
756,2022,中国海洋大学,物理,613,132,6912
757,2022,深圳大学,物理／生物／地理,613,132,6912
758,2022,兰州大学,化学,613,132,6912
759,2022,华北电力大学(北京),不限,612,118,7030
760,2022,大连理工大学,物理(中外合办),612,118,7030
761,2022,上海大学,不限(中外合办),612,118,7030
762,2022,南京理工大学,物理,612,118,7030
763,2022,苏州大学,物理,612,118,7030
764,2022,华中农业大学,化学／生物,612,118,7030
765,2022,华中师范大学,化学,612,118,7030
766,2022,暨南大学,物理／化学／生物,612,118,7030
767,2022,西北政法大学,不限,612,118,7030
768,2022,东北大学,思想政治／历史,611,139,7169
769,2022,大连理工大学(盘锦校区),不限,611,139,7169
770,2022,哈尔滨工业大学,物理(中外合办),611,139,7169
771,2022,中国海洋大学,物理／化学／生物(中外合办),611,139,7169
772,2022,华中师范大学,生物／思想政治／历史,611,139,7169
773,2022,西南大学,思想政治／历史／地理,611,139,7169
774,2022,重庆大学,物理(中外合办),610,127,7296
775,2022,苏州大学,不限,609,125,7421
776,2022,中国海洋大学,不限(中外合办),609,125,7421
777,2022,南方医科大学,化学＋生物,609,125,7421
778,2022,华北电力大学(北京),化学,608,146,7567
779,2022,东北大学,不限,608,146,7567
780,2022,东北大学,物理／历史／地理,608,146,7567
781,2022,华东理工大学,物理／化学,608,146,7567
782,2022,华中师范大学,不限,608,146,7567
783,2022,西南交通大学,物理／化学,608,146,7567
784,2022,北京化工大学,物理,607,137,7704
785,2022,哈尔滨工业大学,物理(中外合办),607,137,7704
786,2022,西北工业大学,物理(中外合办),607,137,7704
787,2022,北京电影学院,物理,606,147,7851
788,2022,北京交通大学,物理(中外合办),606,147,7851
789,2022,北京林业大学,物理／化学／生物,606,147,7851
790,2022,北京语言大学,物理／化学／生物,606,147,7851
791,2022,中国地质大学(北京),不限,606,147,7851
792,2022,暨南大学,不限,606,147,7851
793,2022,暨南大学,物理,606,147,7851
794,2022,北京化工大学,不限,605,130,7981
795,2022,北京林业大学,不限,605,130,7981
796,2022,深圳大学,物理,605,130,7981
797,2022,西南财经大学,不限(中外合办),605,130,7981
798,2022,北京电影学院,不限,604,144,8125
799,2022,中国农业大学,不限(中外合办),604,144,8125
800,2022,西北大学,物理／思想政治／历史,604,144,8125
801,2022,北京中医药大学,物理／化学／生物,603,139,8264
802,2022,东北大学秦皇岛分校,物理(中外合办),603,139,8264
803,2022,南京航空航天大学,不限,603,139,8264
804,2022,南京师范大学,不限,603,139,8264
805,2022,武汉理工大学,化学,603,139,8264
806,2022,重庆医科大学,物理／化学／生物,603,139,8264
807,2022,北京电影学院,物理,602,134,8398
808,2022,中央民族大学,物理／化学／生物(中外合办),602,134,8398
809,2022,华中师范大学,物理,602,134,8398
810,2022,北京化工大学,物理＋化学,601,130,8528
811,2022,北京林业大学,化学,601,130,8528
812,2022,大连理工大学(盘锦校区),物理(中外合办),601,130,8528
813,2022,西南财经大学,物理(中外合办),601,130,8528
814,2022,陕西师范大学,物理／化学／生物,601,130,8528
815,2022,中央戏剧学院,不限,600,143,8671
816,2022,中国海洋大学,化学／生物,600,143,8671
817,2023,北京大学,物理／化学,687,29,313
818,2023,清华大学,物理,685,32,368
819,2023,清华大学,物理＋化学,685,32,368
820,2023,北京大学,物理,684,34,402
821,2023,北京大学,不限,683,40,442
822,2023,上海交通大学,物理,682,40,482
823,2023,上海交通大学,物理,679,52,606
824,2023,复旦大学,物理,678,44,650
825,2023,复旦大学,物理／化学,677,44,694
826,2023,中国科学院大学,物理,675,60,791
827,2023,中国人民大学,物理,675,60,791
828,2023,浙江大学,物理,675,60,791
829,2023,上海交通大学,不限,674,47,838
830,2023,上海交通大学医学院,物理＋化学,674,47,838
831,2023,复旦大学医学院,物理＋化学,673,56,894
832,2023,浙江大学,不限,671,69,1009
833,2023,中国科学技术大学,物理,671,69,1009
834,2023,中国人民大学,不限,670,57,1066
835,2023,复旦大学,不限,670,57,1066
836,2023,南京大学,物理,670,57,1066
837,2023,中国人民大学,物理／历史,669,61,1127
838,2023,北京大学医学部,不限,669,61,1127
839,2023,北京大学医学部,物理＋化学,669,61,1127
840,2023,上海交通大学,物理(中外合办),669,61,1127
841,2023,南京大学,不限,666,73,1337
842,2023,北京师范大学,历史／地理,665,82,1419
843,2023,北京大学医学部,物理＋化学,663,96,1581
844,2023,上海交通大学医学院,物理＋化学,663,96,1581
845,2023,北京大学医学部,物理＋化学,662,81,1662
846,2023,四川大学,物理／化学／生物,662,81,1662
847,2023,浙江大学医学院,化学＋生物,661,82,1744
848,2023,北京航空航天大学,物理,660,92,1836
849,2023,南京大学,物理＋化学,660,92,1836
850,2023,南开大学,物理,659,65,1901
851,2023,北京邮电大学,物理,658,78,1979
852,2023,中国政法大学,不限,658,78,1979
853,2023,同济大学,物理,658,78,1979
854,2023,北京师范大学,物理,657,104,2083
855,2023,北京师范大学,物理／化学,657,104,2083
856,2023,北京理工大学,物理,657,104,2083
857,2023,南开大学,不限,657,104,2083
858,2023,南开大学,物理／化学／生物,657,104,2083
859,2023,南开大学,历史／地理,657,104,2083
860,2023,哈尔滨工业大学,物理,657,104,2083
861,2023,南京大学,物理(中外合办),657,104,2083
862,2023,北京师范大学,不限,656,97,2180
863,2023,武汉大学,历史,656,97,2180
864,2023,南开大学,不限,655,89,2269
865,2023,中国人民大学(苏州校区),物理(中外合办),655,89,2269
866,2023,武汉大学,物理＋化学,654,100,2369
867,2023,武汉大学,物理／历史,654,100,2369
868,2023,天津大学,物理／化学／生物,653,88,2457
869,2023,武汉大学,物理,653,88,2457
870,2023,华中科技大学,物理,651,104,2648
871,2023,北京航空航天大学,不限,650,106,2754
872,2023,北京理工大学,不限,650,106,2754
873,2023,华东师范大学,物理／化学,650,106,2754
874,2023,华中科技大学,物理／化学／生物,650,106,2754
875,2023,中山大学,物理,650,106,2754
876,2023,北京师范大学,不限,649,120,2874
877,2023,同济大学,物理(中外合办),649,120,2874
878,2023,华东师范大学,不限,649,120,2874
879,2023,厦门大学,物理／化学／生物,649,120,2874
880,2023,西安交通大学,物理,648,116,2990
881,2023,中国社会科学院大学,历史／地理,647,106,3096
882,2023,华中科技大学,化学＋生物,647,106,3096
883,2023,中国人民大学(苏州校区),不限(中外合办),647,106,3096
884,2023,北京邮电大学,物理,646,128,3224
885,2023,天津大学,物理／历史／地理,646,128,3224
886,2023,东南大学,物理／历史／地理,646,128,3224
887,2023,华中科技大学,物理／历史／地理,646,128,3224
888,2023,北京交通大学,物理,645,123,3347
889,2023,中国政法大学,不限,645,123,3347
890,2023,天津大学,物理,645,123,3347
891,2023,天津大学,物理＋化学,645,123,3347
892,2023,华东师范大学,物理,645,123,3347
893,2023,东南大学,物理,645,123,3347
894,2023,中山大学,不限,645,123,3347
895,2023,西北工业大学,物理,645,123,3347
896,2023,北京理工大学,物理(中外合办),644,108,3455
897,2023,厦门大学,不限,644,108,3455
898,2023,厦门大学,物理,644,108,3455
899,2023,对外经济贸易大学,物理,643,108,3563
900,2023,厦门大学,物理＋化学,643,108,3563
901,2023,电子科技大学,物理,643,108,3563
902,2023,电子科技大学(沙河校区),物理,643,108,3563
903,2023,大连理工大学,物理,642,134,3697
904,2023,华中科技大学,不限,642,134,3697
905,2023,四川大学,物理＋化学,642,134,3697
906,2023,电子科技大学(沙河校区),物理(中外合办),642,134,3697
907,2023,对外经济贸易大学,不限,641,119,3816
908,2023,上海财经大学,物理,641,119,3816
909,2023,四川大学,历史／地理,641,119,3816
910,2023,西北工业大学,物理／化学／生物,641,119,3816
911,2023,中央财经大学,不限,640,109,3925
912,2023,中央财经大学,物理,640,109,3925
913,2023,北京航空航天大学,物理(中外合办),640,109,3925
914,2023,山东大学,物理,640,109,3925
915,2023,西安交通大学,思想政治／历史,640,109,3925
916,2023,上海财经大学,不限,639,145,4070
917,2023,哈尔滨工业大学(威海),物理,639,145,4070
918,2023,中国社会科学院大学,不限,637,133,4325
919,2023,北京邮电大学,不限,637,133,4325
920,2023,北京大学医学部,不限,637,133,4325
921,2023,华南理工大学,物理,637,133,4325
922,2023,北京交通大学,物理,636,133,4458
923,2023,四川大学,物理／化学,636,133,4458
924,2023,中国农业大学,物理／化学／生物,635,146,4604
925,2023,中央财经大学,不限(中外合办),635,146,4604
926,2023,吉林大学,物理,635,146,4604
927,2023,吉林大学,化学＋生物,635,146,4604
928,2023,中山大学,物理＋化学,635,146,4604
929,2023,中国农业大学,不限,634,125,4729
930,2023,北京师范大学(珠海校区),物理,634,125,4729
931,2023,北京师范大学(珠海校区),物理／化学,634,125,4729
932,2023,四川大学,物理,634,125,4729
933,2023,西安电子科技大学,物理,634,125,4729
934,2023,大连理工大学,化学,633,152,4881
935,2023,上海中医药大学,物理／化学／生物,633,152,4881
936,2023,山东大学威海分校,物理,633,152,4881
937,2023,华中科技大学,物理／化学／生物(中外合办),633,152,4881
938,2023,北京师范大学(珠海校区),不限,633,152,4881
939,2023,中国农业大学,化学,632,148,5029
940,2023,天津大学,物理／历史／地理(中外合办),632,148,5029
941,2023,吉林大学,化学,632,148,5029
942,2023,苏州大学,化学＋生物,632,148,5029
943,2023,山东大学,不限,632,148,5029
944,2023,四川大学,不限,632,148,5029
945,2023,北京邮电大学(宏福校区),物理(中外合办),632,148,5029
946,2023,北京理工大学,不限(中外合办),631,132,5161
947,2023,东北大学,物理,631,132,5161
948,2023,山东大学,物理／化学／生物,631,132,5161
949,2023,北京交通大学,不限,630,147,5308
950,2023,北京科技大学,物理,630,147,5308
951,2023,湖南大学,物理／化学,630,147,5308
952,2023,电子科技大学(沙河校区),物理(中外合办),630,147,5308
953,2023,北京科技大学,物理／化学,629,149,5457
954,2023,中国农业大学,物理,629,149,5457
955,2023,吉林大学,物理／化学／生物,629,149,5457
956,2023,哈尔滨工业大学,物理(中外合办),629,149,5457
957,2023,上海外国语大学,物理,629,149,5457
958,2023,上海大学,物理,629,149,5457
959,2023,华东政法大学,不限,629,149,5457
960,2023,山东大学威海分校,不限,629,149,5457
961,2023,武汉大学,物理(中外合办),629,149,5457
962,2023,中南大学,不限,629,149,5457
963,2023,华南理工大学,物理／化学／生物,629,149,5457
964,2023,重庆大学,不限,628,139,5596
965,2023,重庆大学,物理,628,139,5596
966,2023,西安交通大学,物理(中外合办),628,139,5596
967,2023,中央民族大学,历史,627,159,5755
968,2023,北京外国语大学,不限,627,159,5755
969,2023,大连理工大学,物理(中外合办),627,159,5755
970,2023,苏州大学,化学,627,159,5755
971,2023,中国海洋大学,物理／化学／生物,627,159,5755
972,2023,中南大学,化学＋生物,627,159,5755
973,2023,中南大学,物理(中外合办),627,159,5755
974,2023,西北大学,历史／地理,627,159,5755
975,2023,中国美术学院,不限,626,140,5895
976,2023,四川大学,物理／化学／生物,626,140,5895
977,2023,四川大学,物理／历史／地理,626,140,5895
978,2023,中国传媒大学,不限(中外合办),625,150,6045
979,2023,吉林大学,物理＋化学,625,150,6045
980,2023,哈尔滨工业大学,物理(中外合办),625,150,6045
981,2023,湖南大学,物理,625,150,6045
982,2023,湖南大学,物理／化学／生物,625,150,6045
983,2023,中南大学,物理＋化学,625,150,6045
984,2023,华南理工大学,物理＋化学,625,150,6045
985,2023,四川大学,物理(中外合办),625,150,6045
986,2023,西北工业大学,不限,625,150,6045
987,2023,北京交通大学,物理(中外合办),624,157,6202
988,2023,大连理工大学,物理(中外合办),624,157,6202
989,2023,华南理工大学,不限,624,157,6202
990,2023,吉林大学,不限,623,173,6375
991,2023,吉林大学,历史／地理,623,173,6375
992,2023,哈尔滨工业大学,物理(中外合办),623,173,6375
993,2023,华东理工大学,物理,623,173,6375
994,2023,上海大学,不限,623,173,6375
995,2023,南京航空航天大学,物理,623,173,6375
996,2023,南京理工大学,物理,623,173,6375
997,2023,西南财经大学,物理,623,173,6375
998,2023,兰州大学,物理,623,173,6375
999,2023,北京科技大学,不限,622,153,6528
1000,2023,北京林业大学,物理／化学／地理,622,153,6528
1001,2023,中国传媒大学,不限,622,153,6528
1002,2023,中国传媒大学,物理,622,153,6528
1003,2023,东北师范大学,不限,622,153,6528
1004,2023,哈尔滨工业大学,物理(中外合办),622,153,6528
1005,2023,苏州大学,物理,622,153,6528
1006,2023,中国海洋大学,化学／生物,622,153,6528
1007,2023,中国海洋大学,物理／化学／生物(中外合办),622,153,6528
1008,2023,华中农业大学,化学／生物,622,153,6528
1009,2023,湖南大学,不限,622,153,6528
1010,2023,西南政法大学,不限,622,153,6528
1011,2023,中国人民公安大学,不限,621,163,6691
1012,2023,北京林业大学,物理／生物／地理,621,163,6691
1013,2023,东北大学,物理／化学／生物,621,163,6691
1014,2023,上海外国语大学,不限,621,163,6691
1015,2023,华中师范大学,物理／生物,621,163,6691
1016,2023,华中师范大学,生物／思想政治／历史,621,163,6691
1017,2023,重庆大学,物理(中外合办),621,163,6691
1018,2023,西南财经大学,不限,621,163,6691
1019,2023,北京邮电大学(宏福校区),物理(中外合办),621,163,6691
1020,2023,中央民族大学,不限,620,170,6861
1021,2023,中央民族大学,物理／化学／生物,620,170,6861
1022,2023,北京交通大学,物理(中外合办),620,170,6861
1023,2023,大连理工大学(盘锦校区),不限,620,170,6861
1024,2023,华东理工大学,物理／化学,620,170,6861
1025,2023,中国海洋大学,物理,620,170,6861
1026,2023,中国海洋大学,不限(中外合办),620,170,6861
1027,2023,中国海洋大学,物理(中外合办),620,170,6861
1028,2023,西北工业大学,物理(中外合办),620,170,6861
1029,2023,兰州大学,历史／地理,620,170,6861
1030,2023,中央民族大学,物理,619,176,7037
1031,2023,中国地质大学(北京),物理＋地理,619,176,7037
1032,2023,首都医科大学,物理＋化学,619,176,7037
1033,2023,吉林大学,不限,619,176,7037
1034,2023,华东理工大学,不限,619,176,7037
1035,2023,中国海洋大学,不限,619,176,7037
1036,2023,华中师范大学,化学,619,176,7037
1037,2023,华北电力大学(北京),物理,618,165,7202
1038,2023,华北电力大学(北京),化学,618,165,7202
1039,2023,天津医科大学,物理＋化学＋生物,618,165,7202
1040,2023,东北大学,思想政治／历史,618,165,7202
1041,2023,中国海洋大学,物理(中外合办),618,165,7202
1042,2023,中国海洋大学,物理(中外合办),618,165,7202
1043,2023,湖南大学,历史,618,165,7202
1044,2023,中央美术学院,不限,617,159,7361
1045,2023,大连理工大学(盘锦校区),物理(中外合办),617,159,7361
1046,2023,苏州大学,不限,617,159,7361
1047,2023,暨南大学,物理,617,159,7361
1048,2023,南方医科大学,化学＋生物,617,159,7361
1049,2023,兰州大学,物理／化学／生物,617,159,7361
1050,2023,北京林业大学,化学／生物,616,181,7542
1051,2023,东北大学秦皇岛分校,物理(中外合办),616,181,7542
1052,2023,华中师范大学,不限,616,181,7542
1053,2023,中南财经政法大学,不限,616,181,7542
1054,2023,重庆医科大学,物理／化学／生物,616,181,7542
1055,2023,西南财经大学,不限(中外合办),616,181,7542
1056,2023,西北政法大学,不限,616,181,7542
1057,2023,北京电影学院,物理,615,158,7700
1058,2023,北京林业大学,物理／历史／地理,615,158,7700
1059,2023,华北电力大学(北京),不限,615,158,7700
1060,2023,暨南大学,物理／化学／生物,615,158,7700
1061,2023,深圳大学,物理,615,158,7700
1062,2023,西南财经大学,物理(中外合办),615,158,7700
1063,2023,东北大学秦皇岛分校,物理,614,162,7862
1064,2023,哈尔滨工程大学,物理,614,162,7862
1065,2023,上海大学,不限(中外合办),614,162,7862
1066,2023,中国农业大学,不限(中外合办),613,137,7999
1067,2023,中国药科大学,物理／化学,613,137,7999
1068,2023,西南交通大学,物理／化学,613,137,7999
1069,2023,北京化工大学,物理＋化学,612,148,8147
1070,2023,东北大学,物理／历史／地理,612,148,8147
1071,2023,南京理工大学,化学,612,148,8147
1072,2023,北京化工大学,不限,611,182,8329
1073,2023,北京化工大学,物理,611,182,8329
1074,2023,中国药科大学,物理／化学／生物,611,182,8329
1075,2023,南京师范大学,不限,611,182,8329
1076,2023,华中师范大学,物理,611,182,8329
1077,2023,西南大学,思想政治／历史／地理,611,182,8329
1078,2023,陕西师范大学,思想政治／历史,611,182,8329
1079,2023,兰州大学,不限,611,182,8329
1080,2023,北京林业大学,化学／生物(中外合办),610,193,8522
1081,2023,华北电力大学(保定),物理,610,193,8522
1082,2023,南京信息工程大学,物理,610,193,8522
1083,2023,华北电力大学(保定),化学,609,170,8692
1084,2023,陕西师范大学,物理／化学／生物,609,170,8692
1085,2023,中央民族大学,物理(中外合办),608,168,8860
1086,2023,北京林业大学,不限,608,168,8860
1087,2023,中国地质大学(北京),不限,608,168,8860
1088,2023,东北大学,不限,608,168,8860
1089,2023,东华大学,物理,608,168,8860
1090,2023,中南财经政法大学,物理,608,168,8860
1091,2023,北京中医药大学,物理／化学／生物,607,172,9032
1092,2023,东华大学,不限,607,172,9032
1093,2023,温州医科大学,化学＋生物,607,172,9032
1094,2023,中央民族大学,物理／化学／生物(中外合办),606,165,9197
1095,2023,大连医科大学,化学＋生物,606,165,9197
1096,2023,东北师范大学,物理,606,165,9197
1097,2023,湖南师范大学,思想政治,606,165,9197
1098,2023,暨南大学,不限,606,165,9197
1099,2023,中国石油大学(北京),思想政治,605,170,9367
1100,2023,郑州大学,化学＋生物,605,170,9367
1101,2023,陕西师范大学,不限,605,170,9367
1102,2023,西北大学,物理／思想政治／历史,605,170,9367
1103,2023,北京交通大学(威海校区),物理(中外合办),605,170,9367
1104,2023,北京林业大学,化学,604,207,9574
1105,2023,哈尔滨医科大学,化学＋生物,604,207,9574
1106,2023,西交利物浦大学,物理／化学／生物(中外合办),604,207,9574
1107,2023,南京邮电大学,物理,604,207,9574
1108,2023,宁波诺丁汉大学,物理(中外合办),604,207,9574
1109,2023,宁波诺丁汉大学,物理／化学／地理(中外合办),604,207,9574
1110,2023,青岛大学,物理＋化学,604,207,9574
1111,2023,深圳大学,不限,604,207,9574
1112,2023,西北农林科技大学,不限,604,207,9574
1113,2023,北京林业大学,物理／化学／生物,603,191,9765
1114,2023,中国石油大学(北京),不限,603,191,9765
1115,2023,首都医科大学,物理＋化学,603,191,9765
1116,2023,江南大学,物理,603,191,9765
1117,2023,南京师范大学,物理／化学,603,191,9765
1118,2023,西交利物浦大学,物理(中外合办),603,191,9765
1119,2023,武汉理工大学,物理,603,191,9765
1120,2023,北京交通大学(威海校区),不限(中外合办),603,191,9765
1121,2023,中央戏剧学院,不限,602,234,9999
1122,2023,中国医科大学,化学＋生物,602,234,9999
1123,2023,哈尔滨工程大学,物理(中外合办),602,234,9999
1124,2023,河海大学,物理,602,234,9999
1125,2023,中国药科大学,物理／化学(中外合办),602,234,9999
1126,2023,南京航空航天大学,不限,602,234,9999
1127,2023,南京理工大学,不限,602,234,9999
1128,2023,西交利物浦大学,物理／化学(中外合办),602,234,9999
1129,2023,深圳大学,化学＋生物,602,234,9999
1130,2023,西南大学,化学／历史／地理,602,234,9999
1131,2023,陕西师范大学,物理,602,234,9999
1132,2023,华北电力大学(保定),不限,601,169,10168
1133,2023,南京理工大学,思想政治,601,169,10168
1134,2023,北京林业大学,物理,600,180,10348
1135,2023,中国石油大学(北京),物理／化学,600,180,10348
1136,2023,西交利物浦大学,物理／历史／地理(中外合办),600,180,10348
1137,2023,杭州电子科技大学,物理,600,180,10348
1138,2023,南昌大学,化学＋生物,600,180,10348
1139,2023,西南交通大学,物理,600,180,10348
1140,2024,北京大学,物理＋化学,690,27,354
1141,2024,清华大学,物理＋化学,689,30,384
1142,2024,北京大学,不限,688,39,423
1143,2024,清华大学,不限,688,39,423
1144,2024,上海交通大学,物理＋化学,687,25,448
1145,2024,上海交通大学,不限,686,30,478
1146,2024,复旦大学,物理＋化学,685,44,522
1147,2024,中国人民大学,不限,684,47,569
1148,2024,中国人民大学,不限,684,47,569
1149,2024,上海交通大学,物理＋化学,684,47,569
1150,2024,复旦大学,不限,683,56,625
1151,2024,中国科学院大学,物理＋化学,682,46,671
1152,2024,复旦大学,物理＋化学,681,51,722
1153,2024,复旦大学医学院,物理＋化学,679,49,813
1154,2024,浙江大学,物理＋化学,679,49,813
1155,2024,北京大学医学部,物理＋化学,678,59,872
1156,2024,复旦大学,不限,678,59,872
1157,2024,上海交通大学,物理＋化学(中外合办),676,64,996
1158,2024,上海交通大学医学院,物理＋化学,676,64,996
1159,2024,浙江大学,不限,676,64,996
1160,2024,中国人民大学,物理＋化学,675,81,1077
1161,2024,中国科学技术大学,物理＋化学,675,81,1077
1162,2024,北京理工大学,物理＋化学,674,61,1138
1163,2024,南京大学,物理＋化学,673,66,1204
1164,2024,中国人民大学,不限,671,82,1343
1165,2024,北京大学医学部,不限,671,82,1343
1166,2024,北京大学医学部,物理＋化学,671,82,1343
1167,2024,南京大学,不限,671,82,1343
1168,2024,中国人民大学,思想政治,670,77,1420
1169,2024,北京大学医学部,物理＋化学,670,77,1420
1170,2024,上海交通大学医学院,物理＋化学,668,79,1557
1171,2024,北京航空航天大学,物理＋化学,667,60,1617
1172,2024,中国政法大学,不限,666,87,1704
1173,2024,哈尔滨工业大学,物理＋化学,666,87,1704
1174,2024,北京师范大学,思想政治,664,84,1860
1175,2024,北京理工大学,物理＋化学,664,84,1860
1176,2024,南开大学,不限,664,84,1860
1177,2024,北京邮电大学,物理＋化学,663,89,1949
1178,2024,北京师范大学,不限,663,89,1949
1179,2024,南开大学,物理＋化学,663,89,1949
1180,2024,同济大学,物理＋化学,662,87,2036
1181,2024,浙江大学医学院,物理＋化学,662,87,2036
1182,2024,南开大学,不限,661,82,2118
1183,2024,武汉大学,不限,661,82,2118
1184,2024,中国政法大学,不限,660,105,2223
1185,2024,北京师范大学,物理,659,79,2302
1186,2024,北京师范大学,物理＋化学,658,93,2395
1187,2024,北京师范大学,不限,657,96,2491
1188,2024,武汉大学,物理＋化学,657,96,2491
1189,2024,西安交通大学,物理＋化学,657,96,2491
1190,2024,东南大学,物理＋化学,656,101,2592
1191,2024,中国人民大学(苏州校区),物理＋化学(中外合办),656,101,2592
1192,2024,同济大学,物理＋化学(中外合办),655,95,2687
1193,2024,北京理工大学,历史,654,89,2776
1194,2024,华中科技大学,物理＋化学,654,89,2776
1195,2024,天津大学,物理＋化学,653,100,2876
1196,2024,天津大学,物理＋化学,653,100,2876
1197,2024,大连理工大学,物理＋化学,653,100,2876
1198,2024,华东师范大学,不限,653,100,2876
1199,2024,中山大学,不限,653,100,2876
1200,2024,西安交通大学,物理,653,100,2876
1201,2024,天津大学,不限,652,100,2976
1202,2024,南京大学,物理＋化学(中外合办),652,100,2976
1203,2024,华中科技大学,物理＋化学,652,100,2976
1204,2024,四川大学,物理＋化学,652,100,2976
1205,2024,北京交通大学,物理＋化学,651,89,3065
1206,2024,北京邮电大学,物理＋化学,651,89,3065
1207,2024,北京航空航天大学,历史,651,89,3065
1208,2024,西安交通大学,不限,651,89,3065
1209,2024,北京交通大学,物理＋化学,650,111,3176
1210,2024,电子科技大学,物理＋化学,650,111,3176
1211,2024,华东师范大学,物理＋化学,649,91,3267
1212,2024,厦门大学,物理,649,91,3267
1213,2024,哈尔滨工业大学(威海),物理＋化学,649,91,3267
1214,2024,中山大学,思想政治,649,91,3267
1215,2024,电子科技大学(沙河校区),物理＋化学,649,91,3267
1216,2024,西北工业大学,物理＋化学,649,91,3267
1217,2024,北京交通大学,物理＋化学,648,115,3382
1218,2024,华东师范大学,思想政治,648,115,3382
1219,2024,电子科技大学(沙河校区),物理＋化学(中外合办),648,115,3382
1220,2024,北京科技大学,物理＋化学,647,122,3504
1221,2024,西安交通大学,历史,647,122,3504
1222,2024,中国人民大学(苏州校区),不限(中外合办),647,122,3504
1223,2024,北京航空航天大学,物理＋化学,646,107,3611
1224,2024,吉林大学,不限,646,107,3611
1225,2024,厦门大学,物理＋化学,645,115,3726
1226,2024,厦门大学,不限,644,118,3844
1227,2024,中山大学,物理＋化学,644,118,3844
1228,2024,西北大学,历史,644,118,3844
1229,2024,国防科技大学,物理＋化学,643,136,3980
1230,2024,中央财经大学,物理,643,136,3980
1231,2024,对外经济贸易大学,物理＋化学,643,136,3980
1232,2024,对外经济贸易大学,不限,642,128,4108
1233,2024,对外经济贸易大学,物理,642,128,4108
1234,2024,吉林大学,物理＋化学,642,128,4108
1235,2024,中央财经大学,不限,641,131,4239
1236,2024,上海财经大学,物理＋化学,641,131,4239
1237,2024,吉林大学,历史,640,126,4365
1238,2024,华中科技大学,历史,640,126,4365
1239,2024,西安电子科技大学,物理＋化学,640,126,4365
1240,2024,北京交通大学,物理＋化学,639,113,4478
1241,2024,北京大学医学部,化学,639,113,4478
1242,2024,上海财经大学,物理,639,113,4478
1243,2024,北京师范大学(珠海校区),不限,639,113,4478
1244,2024,北京科技大学,物理＋化学,638,155,4633
1245,2024,哈尔滨工业大学,物理＋化学(中外合办),638,155,4633
1246,2024,苏州大学,思想政治＋历史＋地理,638,155,4633
1247,2024,山东大学,物理＋化学,638,155,4633
1248,2024,华南理工大学,物理,638,155,4633
1249,2024,北京邮电大学(宏福校区),物理＋化学(中外合办),638,155,4633
1250,2024,中国政法大学,不限,637,156,4789
1251,2024,哈尔滨工程大学,物理＋化学,637,156,4789
1252,2024,山东大学,不限,637,156,4789
1253,2024,四川大学,物理＋化学,637,156,4789
1254,2024,电子科技大学(沙河校区),物理＋化学(中外合办),637,156,4789
1255,2024,哈尔滨工程大学,物理＋化学,636,140,4929
1256,2024,上海财经大学,不限,636,140,4929
1257,2024,山东大学威海分校,物理＋化学,636,140,4929
1258,2024,华中科技大学,物理＋化学(中外合办),636,140,4929
1259,2024,华南理工大学,物理＋化学,636,140,4929
1260,2024,北京交通大学,物理,635,126,5055
1261,2024,中国农业大学,不限,635,126,5055
1262,2024,中国农业大学,物理＋化学,635,126,5055
1263,2024,哈尔滨工业大学,物理＋化学(中外合办),635,126,5055
1264,2024,中南大学,物理＋化学(中外合办),635,126,5055
1265,2024,北京师范大学(珠海校区),物理＋化学,635,126,5055
1266,2024,中国社会科学院大学,不限,634,121,5176
1267,2024,北京科技大学,物理＋化学,634,121,5176
1268,2024,哈尔滨工业大学,物理(中外合办),634,121,5176
1269,2024,北京科技大学,物理,633,131,5307
1270,2024,中南大学,物理＋化学,633,131,5307
1271,2024,中央民族大学,历史,632,160,5467
1272,2024,北京交通大学,不限,632,160,5467
1273,2024,北京理工大学,不限(中外合办),632,160,5467
1274,2024,重庆大学,物理＋化学,632,160,5467
1275,2024,北京邮电大学,历史,631,156,5623
1276,2024,北京外国语大学,思想政治,631,156,5623
1277,2024,中央财经大学,不限(中外合办),631,156,5623
1278,2024,吉林大学,物理＋化学,631,156,5623
1279,2024,上海中医药大学,物理＋化学,631,156,5623
1280,2024,山东大学威海分校,不限,631,156,5623
1281,2024,湖南大学,物理＋化学,631,156,5623
1282,2024,中南大学,不限,631,156,5623
1283,2024,中南大学,物理＋化学＋生物,631,156,5623
1284,2024,重庆大学,不限,631,156,5623
1285,2024,四川大学,物理＋化学(中外合办),631,156,5623
1286,2024,四川大学,不限,631,156,5623
1287,2024,四川大学,思想政治,631,156,5623
1288,2024,西北工业大学,物理＋化学(中外合办),631,156,5623
1289,2024,大连理工大学,物理＋化学(中外合办),630,160,5783
1290,2024,北京交通大学,物理＋化学(中外合办),629,142,5925
1291,2024,吉林大学,不限,629,142,5925
1292,2024,吉林大学,物理,629,142,5925
1293,2024,哈尔滨工业大学,物理＋化学(中外合办),629,142,5925
1294,2024,武汉大学,物理＋化学(中外合办),629,142,5925
1295,2024,重庆大学,历史,629,142,5925
1296,2024,北京科技大学,不限,628,160,6085
1297,2024,北京外国语大学,不限,628,160,6085
1298,2024,湖南大学,物理,628,160,6085
1299,2024,中央民族大学,物理,627,130,6215
1300,2024,大连理工大学,物理＋化学(中外合办),627,130,6215
1301,2024,上海外国语大学,思想政治,627,130,6215
1302,2024,南京理工大学,物理＋化学,627,130,6215
1303,2024,中央民族大学,不限,626,165,6380
1304,2024,东北大学,物理＋化学,626,165,6380
1305,2024,吉林大学,物理＋化学,626,165,6380
1306,2024,华东政法大学,不限,626,165,6380
1307,2024,南京航空航天大学,物理＋化学,626,165,6380
1308,2024,华南理工大学,不限,626,165,6380
1309,2024,深圳大学,物理,626,165,6380
1310,2024,重庆大学,物理＋化学(中外合办),626,165,6380
1311,2024,四川大学,物理(中外合办),626,165,6380
1312,2024,四川大学,不限,626,165,6380
1313,2024,北京交通大学,物理＋化学(中外合办),625,166,6546
1314,2024,哈尔滨工程大学,物理＋化学,625,166,6546
1315,2024,湖南大学,历史,625,166,6546
1316,2024,香港城市大学(东莞),物理＋化学(中外合办),625,166,6546
1317,2024,西安交通大学,物理＋化学(中外合办),625,166,6546
1318,2024,兰州大学,物理＋化学,625,166,6546
1319,2024,首都医科大学,物理＋化学,624,147,6693
1320,2024,上海大学,物理＋化学,624,147,6693
1321,2024,中国海洋大学,不限(中外合办),624,147,6693
1322,2024,湖南大学,不限,624,147,6693
1323,2024,西南政法大学,不限,624,147,6693
1324,2024,西南财经大学,物理＋化学,624,147,6693
1325,2024,北京邮电大学(宏福校区),物理＋化学(中外合办),624,147,6693
1326,2024,中国人民公安大学,不限,623,155,6848
1327,2024,华北电力大学(北京),物理＋化学,623,155,6848
1328,2024,中国医科大学,物理＋化学,623,155,6848
1329,2024,哈尔滨工业大学,物理(中外合办),623,155,6848
1330,2024,上海大学,不限,623,155,6848
1331,2024,苏州大学,不限,623,155,6848
1332,2024,中国海洋大学,物理＋化学(中外合办),623,155,6848
1333,2024,中国海洋大学,不限,623,155,6848
1334,2024,中国海洋大学,物理＋化学,623,155,6848
1335,2024,北京林业大学,地理,622,153,7001
1336,2024,中国传媒大学,不限,622,153,7001
1337,2024,南京信息工程大学,物理＋化学,622,153,7001
1338,2024,西南财经大学,不限,622,153,7001
1339,2024,东北大学秦皇岛分校,物理＋化学,621,171,7172
1340,2024,大连理工大学(盘锦校区),物理＋化学(中外合办),621,171,7172
1341,2024,中国海洋大学,物理＋化学(中外合办),621,171,7172
1342,2024,西南财经大学,物理,621,171,7172
1343,2024,兰州大学,历史,621,171,7172
1344,2024,中央民族大学,物理＋化学,620,170,7342
1345,2024,中国传媒大学,不限,620,170,7342
1346,2024,东北大学秦皇岛分校,物理,620,170,7342
1347,2024,大连理工大学(盘锦校区),物理,620,170,7342
1348,2024,南京师范大学,地理,620,170,7342
1349,2024,西北政法大学,不限,620,170,7342
1350,2024,中央美术学院,历史,619,149,7491
1351,2024,华北电力大学(北京),历史,619,149,7491
1352,2024,苏州大学,物理＋化学,619,149,7491
1353,2024,中南财经政法大学,物理,619,149,7491
1354,2024,西南大学,历史,619,149,7491
1355,2024,陕西师范大学,历史,619,149,7491
1356,2024,中国传媒大学,物理＋化学,618,160,7651
1357,2024,东北大学秦皇岛分校,物理＋化学(中外合办),618,160,7651
1358,2024,东北大学,物理,618,160,7651
1359,2024,华东理工大学,不限,618,160,7651
1360,2024,华东理工大学,物理＋化学,618,160,7651
1361,2024,上海外国语大学,不限,618,160,7651
1362,2024,中国海洋大学,物理＋化学(中外合办),618,160,7651
1363,2024,中南财经政法大学,不限,618,160,7651
1364,2024,兰州大学,不限,618,160,7651
1365,2024,中央美术学院,物理＋化学,617,156,7807
1366,2024,北京化工大学,物理＋化学,617,156,7807
1367,2024,大连海事大学,不限(中外合办),617,156,7807
1368,2024,北京电影学院,物理＋化学,616,173,7980
1369,2024,北京化工大学,不限,616,173,7980
1370,2024,中国传媒大学,不限(中外合办),616,173,7980
1371,2024,中国海洋大学,物理＋化学(中外合办),616,173,7980
1372,2024,西南交通大学,物理＋化学,616,173,7980
1373,2024,中央美术学院,不限,615,172,8152
1374,2024,北京电影学院,不限,615,172,8152
1375,2024,北京林业大学,生物,615,172,8152
1376,2024,大连医科大学,物理＋化学,615,172,8152
1377,2024,华中师范大学,物理,615,172,8152
1378,2024,四川大学,不限,615,172,8152
1379,2024,北京林业大学,不限,614,142,8294
1380,2024,华北电力大学(北京),物理,614,142,8294
1381,2024,华北电力大学(保定),物理＋化学,614,142,8294
1382,2024,南京信息工程大学,物理＋化学(中外合办),614,142,8294
1383,2024,西交利物浦大学,物理＋化学(中外合办),614,142,8294
1384,2024,中国石油大学(北京),思想政治＋历史,613,178,8472
1385,2024,中国地质大学(北京),不限,613,178,8472
1386,2024,西交利物浦大学,不限(中外合办),613,178,8472
1387,2024,西南财经大学,不限(中外合办),613,178,8472
1388,2024,西北大学,物理,613,178,8472
1389,2024,北京化工大学,物理＋化学,612,188,8660
1390,2024,中国医科大学,物理＋化学,612,188,8660
1391,2024,上海大学,不限(中外合办),612,188,8660
1392,2024,西北农林科技大学,物理,612,188,8660
1393,2024,北京交通大学(威海校区),不限(中外合办),612,188,8660
1394,2024,中国农业大学,不限(中外合办),611,182,8842
1395,2024,中国石油大学(北京),不限,611,182,8842
1396,2024,天津医科大学,物理＋化学,611,182,8842
1397,2024,东北大学,不限,611,182,8842
1398,2024,南京理工大学,思想政治＋历史,611,182,8842
1399,2024,宁波诺丁汉大学,思想政治(中外合办),611,182,8842
1400,2024,首都医科大学,物理＋化学,610,180,9022
1401,2024,东华大学,不限,610,180,9022
1402,2024,南京邮电大学,物理＋化学,610,180,9022
1403,2024,宁波诺丁汉大学,不限(中外合办),610,180,9022
1404,2024,华中师范大学,不限,610,180,9022
1405,2024,暨南大学,物理＋化学,610,180,9022
1406,2024,西北农林科技大学,物理＋化学＋生物,610,180,9022
1407,2024,北京交通大学(威海校区),物理＋化学(中外合办),610,180,9022
1408,2024,南京航空航天大学,物理＋化学(中外合办),609,157,9179
1409,2024,南京理工大学,历史,609,157,9179
1410,2024,厦门大学,物理＋化学,609,157,9179
1411,2024,北京林业大学,物理,608,154,9333
1412,2024,哈尔滨工程大学,物理＋化学(中外合办),608,154,9333
1413,2024,哈尔滨医科大学,物理＋化学＋生物,608,154,9333
1414,2024,西南财经大学,物理(中外合办),608,154,9333
1415,2024,中国石油大学(北京),物理,607,166,9499
1416,2024,华北电力大学(保定),物理,607,166,9499
1417,2024,西交利物浦大学,物理(中外合办),607,166,9499
1418,2024,陕西师范大学,物理＋化学,607,166,9499
1419,2024,北京工业大学,不限,606,179,9678
1420,2024,南京理工大学,物理＋化学(中外合办),606,179,9678
1421,2024,杭州电子科技大学,物理＋化学,606,179,9678
1422,2024,武汉理工大学,不限,606,179,9678
1423,2024,西北农林科技大学,不限,606,179,9678
1424,2024,中国地质大学(北京),物理,605,172,9850
1425,2024,中国药科大学,物理＋化学,605,172,9850
1426,2024,宁波诺丁汉大学,物理＋化学(中外合办),605,172,9850
1427,2024,暨南大学,不限,605,172,9850
1428,2024,深圳大学,物理＋化学,605,172,9850
1429,2024,中央民族大学,物理＋化学(中外合办),604,191,10041
1430,2024,北京中医药大学,不限,604,191,10041
1431,2024,中国矿业大学(北京),不限,604,191,10041
1432,2024,东北大学秦皇岛分校,不限,604,191,10041
1433,2024,河北医科大学,物理＋化学＋生物,604,191,10041
1434,2024,东华大学,物理＋化学,604,191,10041
1435,2024,河海大学,不限,604,191,10041
1436,2024,武汉理工大学,物理＋化学,604,191,10041
1437,2024,深圳大学,不限,604,191,10041
1438,2024,西安电子科技大学,历史,604,191,10041
1439,2024,西北农林科技大学,物理＋化学,604,191,10041
1440,2024,天津医科大学,物理＋化学＋生物,603,172,10213
1441,2024,华北电力大学(保定),历史,603,172,10213
1442,2024,安徽大学,物理＋化学,603,172,10213
1443,2024,中国石油大学(华东),不限,603,172,10213
1444,2024,北京体育大学,思想政治＋历史,602,170,10383
1445,2024,大连海事大学,不限,602,170,10383
1446,2024,中国药科大学,物理＋化学(中外合办),602,170,10383
1447,2024,南京师范大学,不限,602,170,10383
1448,2024,西南大学,不限,602,170,10383
1449,2024,中央民族大学,物理＋化学(中外合办),601,202,10585
1450,2024,河海大学,物理,601,202,10585
1451,2024,成都中医药大学,物理＋化学,601,202,10585
1452,2024,云南大学,思想政治,601,202,10585
1453,2024,中央戏剧学院,不限,600,202,10787
1454,2024,中国矿业大学(北京),物理＋化学,600,202,10787
1455,2024,北京工业大学,物理＋化学,600,202,10787
1456,2024,江南大学,不限,600,202,10787
1457,2024,云南大学,物理＋化学,600,202,10787
